Model,total_time
PolyCoder-0.4B,3.349781036376953e-05
PolyCoder-160M,2.5451183319091797e-05
PolyCoder-2.7B,2.232193946838379e-05
codegen-2B-mono,1.5616416931152344e-05
codegen-2B-multi,2.720952033996582e-05
codegen-350M-mono,1.8596649169921875e-05
codegen-350M-multi,2.625584602355957e-05
codeparrot,2.2172927856445312e-05
codeparrot-small,9.77516174316375e-05
gpt3.5,3.316998481750488e-05
incoder-1B,1.6689300537109375e-05
